2024-12-26 - 17:03:53;com.datatheorem.xposedtest;rk.app.datasniffingapp.application.hooks.OkHttpHookStrategy;https://629c9f513798759975d89f93.mockapi.io/api/testData
2024-12-26 - 17:04:45;com.datatheorem.xposedtest;rk.app.datasniffingapp.application.hooks.OkHttpHookStrategy;https://629c9f513798759975d89f93.mockapi.io/api/testData
2024-12-26 - 17:04:46;com.datatheorem.xposedtest;rk.app.datasniffingapp.application.hooks.VolleyHookStrategy$setupHooks$1;https://629c9f513798759975d89f93.mockapi.io/api/testData
2024-12-26 - 17:04:46;com.datatheorem.xposedtest;rk.app.datasniffingapp.application.hooks.HttpURLConnectionHookStrategy$setupHooks$1;https://629c9f513798759975d89f93.mockapi.io/api/testData
2024-12-26 - 17:04:47;com.datatheorem.xposedtest;rk.app.datasniffingapp.application.hooks.HttpURLConnectionHookStrategy$setupHooks$1;https://629c9f513798759975d89f93.mockapi.io/api/testData
2024-12-26 - 17:04:48;com.datatheorem.xposedtest;rk.app.datasniffingapp.application.hooks.OkHttpHookStrategy;https://629c9f513798759975d89f93.mockapi.io/api/testData
2024-12-26 - 17:04:49;com.datatheorem.xposedtest;rk.app.datasniffingapp.application.hooks.OkHttpHookStrategy;https://629c9f513798759975d89f93.mockapi.io/api/testData
2024-12-26 - 17:04:50;com.datatheorem.xposedtest;rk.app.datasniffingapp.application.hooks.OkHttpHookStrategy;https://629c9f513798759975d89f93.mockapi.io/api/testData
2024-12-26 - 17:04:50;com.datatheorem.xposedtest;rk.app.datasniffingapp.application.hooks.VolleyHookStrategy$setupHooks$1;https://629c9f513798759975d89f93.mockapi.io/api/testData
2024-12-26 - 17:04:50;com.datatheorem.xposedtest;rk.app.datasniffingapp.application.hooks.HttpURLConnectionHookStrategy$setupHooks$1;https://629c9f513798759975d89f93.mockapi.io/api/testData
2024-12-26 - 17:04:51;com.datatheorem.xposedtest;rk.app.datasniffingapp.application.hooks.HttpURLConnectionHookStrategy$setupHooks$1;https://629c9f513798759975d89f93.mockapi.io/api/testData
